ACL_ID	TYPE	ENTRY_TYPE	PRINCIPAL	PERMISSIONS	STATUS
1	object	localgroup	rod_user	v,u,d	1
1	object	localgroup	rod_admin	v,u,d,c	1
2	object	localgroup	rod_user	v,u,d	1
2	object	localgroup	rod_admin	v,u,d,c	1
3	object	localgroup	rod_user	v,u,d	1
3	object	localgroup	rod_admin	v,u,d,c	1
4	object	localgroup	rod_user	v,u,d	1
4	object	localgroup	rod_admin	v,u,d,c	1
5	object	localgroup	rod_user	v,u,d	1
5	object	localgroup	rod_admin	v,u,d,c	1
6	object	localgroup	rod_user	v,u,d	1
6	object	localgroup	rod_admin	v,u,d,c	1
7	object	localgroup	rod_user	v,u,d	1
7	object	localgroup	rod_admin	v,u,d,c	1
8	object	localgroup	rod_user	v,u,d	1
8	object	localgroup	rod_admin	v,u,d,c	1
9	object	localgroup	rod_user	v,u,d	1
9	object	localgroup	rod_admin	v,u,d,c	1
10	object	localgroup	rod_user	v,u,d	1
10	object	localgroup	rod_admin	v,u,d,c	1
11	object	localgroup	rod_user	v,u,d	1
11	object	localgroup	rod_admin	v,u,d,c	1
12	object	localgroup	rod_user	v,u,d	1
12	object	localgroup	rod_admin	v,u,d,c	1
13	object	localgroup	rod_user	v,u,d	1
13	object	localgroup	rod_admin	v,u,d,c	1
14	object	localgroup	rod_user	v,u,d	1
14	object	localgroup	rod_admin	v,u,d,c	1
15	object	localgroup	rod_user	v,u,d	1
15	object	localgroup	rod_admin	v,u,d,c	1
16	object	localgroup	rod_user	v,u,d	1
16	object	localgroup	rod_admin	v,u,d,c	1
17	object	localgroup	rod_user	v,u,d	1
17	object	localgroup	rod_admin	v,u,d,c	1
18	object	localgroup	rod_user	v,u,d	1
18	object	localgroup	rod_admin	v,u,d,c	1
19	object	localgroup	rod_user	v,u,d	1
19	object	localgroup	rod_admin	v,u,d,c	1
20	object	localgroup	rod_user	v,u,d	1
20	object	localgroup	rod_admin	v,u,d,c	1
21	object	localgroup	rod_user	v,u,d	1
21	object	localgroup	rod_admin	v,u,d,c	1
22	object	localgroup	rod_user	v,u,d	1
22	object	localgroup	rod_admin	v,u,d,c	1
23	object	localgroup	rod_user	v,u,d	1
23	object	localgroup	rod_admin	v,u,d,c	1
24	object	localgroup	rod_user	v,u,d	1
24	object	localgroup	rod_admin	v,u,d,c	1
25	object	localgroup	rod_user	v,u,d	1
25	object	localgroup	rod_admin	v,u,d,c	1
26	object	localgroup	rod_user	v,u,d	1
26	object	localgroup	rod_admin	v,u,d,c	1
27	object	localgroup	rod_user	v,u,d	1
27	object	localgroup	rod_admin	v,u,d,c	1
28	object	localgroup	rod_user	v,u,d	1
28	object	localgroup	rod_admin	v,u,d,c	1
29	object	localgroup	rod_user	v,u,d	1
29	object	localgroup	rod_admin	v,u,d,c	1
30	object	localgroup	rod_user	v,u,d	1
30	object	localgroup	rod_admin	v,u,d,c	1
631	object	localgroup	rod_user	v,u,d	1
631	object	localgroup	rod_admin	v,u,d,c	1
32	object	localgroup	rod_user	v,u,d	1
32	object	localgroup	rod_admin	v,u,d,c	1
632	object	localgroup	rod_user	v,u,d	1
632	object	localgroup	rod_admin	v,u,d,c	1
34	object	localgroup	rod_user	v,u,d	1
34	object	localgroup	rod_admin	v,u,d,c	1
35	object	localgroup	rod_user	v,u,d	1
35	object	localgroup	rod_admin	v,u,d,c	1
36	object	localgroup	rod_user	v,u,d	1
36	object	localgroup	rod_admin	v,u,d,c	1
37	object	localgroup	rod_user	v,u,d	1
37	object	localgroup	rod_admin	v,u,d,c	1
38	object	localgroup	rod_user	v,u,d	1
38	object	localgroup	rod_admin	v,u,d,c	1
735	object	localgroup	rod_user	v,u,d	1
735	object	localgroup	rod_admin	v,u,d,c	1
40	object	localgroup	rod_user	v,u,d	1
40	object	localgroup	rod_admin	v,u,d,c	1
41	object	localgroup	rod_user	v,u,d	1
41	object	localgroup	rod_admin	v,u,d,c	1
649	object	localgroup	rod_user	v,u,d	1
649	object	localgroup	rod_admin	v,u,d,c	1
716	object	localgroup	rod_user	v,u,d	1
716	object	localgroup	rod_admin	v,u,d,c	1
661	object	localgroup	rod_user	v,u,d	1
661	object	localgroup	rod_admin	v,u,d,c	1
660	object	localgroup	rod_user	v,u,d	1
660	object	localgroup	rod_admin	v,u,d,c	1
659	object	localgroup	rod_user	v,u,d	1
659	object	localgroup	rod_admin	v,u,d,c	1
658	object	localgroup	rod_user	v,u,d	1
658	object	localgroup	rod_admin	v,u,d,c	1
655	object	localgroup	rod_user	v,u,d	1
655	object	localgroup	rod_admin	v,u,d,c	1
714	object	localgroup	rod_user	v,u,d	1
714	object	localgroup	rod_admin	v,u,d,c	1
50	object	localgroup	rod_user	v,u,d	1
50	object	localgroup	rod_admin	v,u,d,c	1
51	object	localgroup	rod_user	v,u,d	1
51	object	localgroup	rod_admin	v,u,d,c	1
52	object	localgroup	rod_user	v,u,d	1
52	object	localgroup	rod_admin	v,u,d,c	1
53	object	localgroup	rod_user	v,u,d	1
53	object	localgroup	rod_admin	v,u,d,c	1
54	object	localgroup	rod_user	v,u,d	1
54	object	localgroup	rod_admin	v,u,d,c	1
55	object	localgroup	rod_user	v,u,d	1
55	object	localgroup	rod_admin	v,u,d,c	1
56	object	localgroup	rod_user	v,u,d	1
56	object	localgroup	rod_admin	v,u,d,c	1
57	object	localgroup	rod_user	v,u,d	1
57	object	localgroup	rod_admin	v,u,d,c	1
58	object	localgroup	rod_user	v,u,d	1
58	object	localgroup	rod_admin	v,u,d,c	1
59	object	localgroup	rod_user	v,u,d	1
59	object	localgroup	rod_admin	v,u,d,c	1
687	object	localgroup	rod_user	v,u,d	1
687	object	localgroup	rod_admin	v,u,d,c	1
61	object	localgroup	rod_user	v,u,d	1
61	object	localgroup	rod_admin	v,u,d,c	1
62	object	localgroup	rod_user	v,u,d	1
62	object	localgroup	rod_admin	v,u,d,c	1
63	object	localgroup	rod_user	v,u,d	1
63	object	localgroup	rod_admin	v,u,d,c	1
64	object	localgroup	rod_user	v,u,d	1
64	object	localgroup	rod_admin	v,u,d,c	1
65	object	localgroup	rod_user	v,u,d	1
65	object	localgroup	rod_admin	v,u,d,c	1
66	object	localgroup	rod_user	v,u,d	1
66	object	localgroup	rod_admin	v,u,d,c	1
67	object	localgroup	rod_user	v,u,d	1
67	object	localgroup	rod_admin	v,u,d,c	1
68	object	localgroup	rod_user	v,u,d	1
68	object	localgroup	rod_admin	v,u,d,c	1
69	object	localgroup	rod_user	v,u,d	1
69	object	localgroup	rod_admin	v,u,d,c	1
70	object	localgroup	rod_user	v,u,d	1
70	object	localgroup	rod_admin	v,u,d,c	1
71	object	localgroup	rod_user	v,u,d	1
71	object	localgroup	rod_admin	v,u,d,c	1
72	object	localgroup	rod_user	v,u,d	1
72	object	localgroup	rod_admin	v,u,d,c	1
73	object	localgroup	rod_user	v,u,d	1
73	object	localgroup	rod_admin	v,u,d,c	1
74	object	localgroup	rod_user	v,u,d	1
74	object	localgroup	rod_admin	v,u,d,c	1
75	object	localgroup	rod_user	v,u,d	1
75	object	localgroup	rod_admin	v,u,d,c	1
76	object	localgroup	rod_user	v,u,d	1
76	object	localgroup	rod_admin	v,u,d,c	1
77	object	localgroup	rod_user	v,u,d	1
77	object	localgroup	rod_admin	v,u,d,c	1
78	object	localgroup	rod_user	v,u,d	1
78	object	localgroup	rod_admin	v,u,d,c	1
79	object	localgroup	rod_user	v,u,d	1
79	object	localgroup	rod_admin	v,u,d,c	1
80	object	localgroup	rod_user	v,u,d	1
80	object	localgroup	rod_admin	v,u,d,c	1
81	object	localgroup	rod_user	v,u,d	1
81	object	localgroup	rod_admin	v,u,d,c	1
82	object	localgroup	rod_user	v,u,d	1
82	object	localgroup	rod_admin	v,u,d,c	1
83	object	localgroup	rod_user	v,u,d	1
83	object	localgroup	rod_admin	v,u,d,c	1
84	object	localgroup	rod_user	v,u,d	1
84	object	localgroup	rod_admin	v,u,d,c	1
85	object	localgroup	rod_user	v,u,d	1
85	object	localgroup	rod_admin	v,u,d,c	1
86	object	localgroup	rod_user	v,u,d	1
86	object	localgroup	rod_admin	v,u,d,c	1
87	object	localgroup	rod_user	v,u,d	1
87	object	localgroup	rod_admin	v,u,d,c	1
88	object	localgroup	rod_user	v,u,d	1
88	object	localgroup	rod_admin	v,u,d,c	1
89	object	localgroup	rod_user	v,u,d	1
89	object	localgroup	rod_admin	v,u,d,c	1
90	object	localgroup	rod_user	v,u,d	1
90	object	localgroup	rod_admin	v,u,d,c	1
91	object	localgroup	rod_user	v,u,d	1
91	object	localgroup	rod_admin	v,u,d,c	1
92	object	localgroup	rod_user	v,u,d	1
92	object	localgroup	rod_admin	v,u,d,c	1
93	object	localgroup	rod_user	v,u,d	1
93	object	localgroup	rod_admin	v,u,d,c	1
94	object	localgroup	rod_user	v,u,d	1
94	object	localgroup	rod_admin	v,u,d,c	1
95	object	localgroup	rod_user	v,u,d	1
95	object	localgroup	rod_admin	v,u,d,c	1
96	object	localgroup	rod_user	v,u,d	1
96	object	localgroup	rod_admin	v,u,d,c	1
97	object	localgroup	rod_user	v,u,d	1
97	object	localgroup	rod_admin	v,u,d,c	1
98	object	localgroup	rod_user	v,u,d	1
98	object	localgroup	rod_admin	v,u,d,c	1
99	object	localgroup	rod_user	v,u,d	1
99	object	localgroup	rod_admin	v,u,d,c	1
100	object	localgroup	rod_user	v,u,d	1
100	object	localgroup	rod_admin	v,u,d,c	1
101	object	localgroup	rod_user	v,u,d	1
101	object	localgroup	rod_admin	v,u,d,c	1
102	object	localgroup	rod_user	v,u,d	1
102	object	localgroup	rod_admin	v,u,d,c	1
103	object	localgroup	rod_user	v,u,d	1
103	object	localgroup	rod_admin	v,u,d,c	1
104	object	localgroup	rod_user	v,u,d	1
104	object	localgroup	rod_admin	v,u,d,c	1
105	object	localgroup	rod_user	v,u,d	1
105	object	localgroup	rod_admin	v,u,d,c	1
106	object	localgroup	rod_user	v,u,d	1
106	object	localgroup	rod_admin	v,u,d,c	1
107	object	localgroup	rod_user	v,u,d	1
107	object	localgroup	rod_admin	v,u,d,c	1
108	object	localgroup	rod_user	v,u,d	1
108	object	localgroup	rod_admin	v,u,d,c	1
109	object	localgroup	rod_user	v,u,d	1
109	object	localgroup	rod_admin	v,u,d,c	1
110	object	localgroup	rod_user	v,u,d	1
110	object	localgroup	rod_admin	v,u,d,c	1
111	object	localgroup	rod_user	v,u,d	1
111	object	localgroup	rod_admin	v,u,d,c	1
112	object	localgroup	rod_user	v,u,d	1
112	object	localgroup	rod_admin	v,u,d,c	1
113	object	localgroup	rod_user	v,u,d	1
113	object	localgroup	rod_admin	v,u,d,c	1
114	object	localgroup	rod_user	v,u,d	1
114	object	localgroup	rod_admin	v,u,d,c	1
115	object	localgroup	rod_user	v,u,d	1
115	object	localgroup	rod_admin	v,u,d,c	1
116	object	localgroup	rod_user	v,u,d	1
116	object	localgroup	rod_admin	v,u,d,c	1
117	object	localgroup	rod_user	v,u,d	1
117	object	localgroup	rod_admin	v,u,d,c	1
118	object	localgroup	rod_user	v,u,d	1
118	object	localgroup	rod_admin	v,u,d,c	1
119	object	localgroup	rod_user	v,u,d	1
119	object	localgroup	rod_admin	v,u,d,c	1
120	object	localgroup	rod_user	v,u,d	1
120	object	localgroup	rod_admin	v,u,d,c	1
121	object	localgroup	rod_user	v,u,d	1
121	object	localgroup	rod_admin	v,u,d,c	1
122	object	localgroup	rod_user	v,u,d	1
122	object	localgroup	rod_admin	v,u,d,c	1
123	object	localgroup	rod_user	v,u,d	1
123	object	localgroup	rod_admin	v,u,d,c	1
124	object	localgroup	rod_user	v,u,d	1
124	object	localgroup	rod_admin	v,u,d,c	1
125	object	localgroup	rod_user	v,u,d	1
125	object	localgroup	rod_admin	v,u,d,c	1
126	object	localgroup	rod_user	v,u,d	1
126	object	localgroup	rod_admin	v,u,d,c	1
127	object	localgroup	rod_user	v,u,d	1
127	object	localgroup	rod_admin	v,u,d,c	1
128	object	localgroup	rod_user	v,u,d	1
128	object	localgroup	rod_admin	v,u,d,c	1
129	object	localgroup	rod_user	v,u,d	1
129	object	localgroup	rod_admin	v,u,d,c	1
130	object	localgroup	rod_user	v,u,d	1
130	object	localgroup	rod_admin	v,u,d,c	1
131	object	localgroup	rod_user	v,u,d	1
131	object	localgroup	rod_admin	v,u,d,c	1
132	object	localgroup	rod_user	v,u,d	1
132	object	localgroup	rod_admin	v,u,d,c	1
133	object	localgroup	rod_user	v,u,d	1
133	object	localgroup	rod_admin	v,u,d,c	1
134	object	localgroup	rod_user	v,u,d	1
134	object	localgroup	rod_admin	v,u,d,c	1
135	object	localgroup	rod_user	v,u,d	1
135	object	localgroup	rod_admin	v,u,d,c	1
136	object	localgroup	rod_user	v,u,d	1
136	object	localgroup	rod_admin	v,u,d,c	1
137	object	localgroup	rod_user	v,u,d	1
137	object	localgroup	rod_admin	v,u,d,c	1
138	object	localgroup	rod_user	v,u,d	1
138	object	localgroup	rod_admin	v,u,d,c	1
139	object	localgroup	rod_user	v,u,d	1
139	object	localgroup	rod_admin	v,u,d,c	1
140	object	localgroup	rod_user	v,u,d	1
140	object	localgroup	rod_admin	v,u,d,c	1
141	object	localgroup	rod_user	v,u,d	1
141	object	localgroup	rod_admin	v,u,d,c	1
142	object	localgroup	rod_user	v,u,d	1
142	object	localgroup	rod_admin	v,u,d,c	1
143	object	localgroup	rod_user	v,u,d	1
143	object	localgroup	rod_admin	v,u,d,c	1
144	object	localgroup	rod_user	v,u,d	1
144	object	localgroup	rod_admin	v,u,d,c	1
145	object	localgroup	rod_user	v,u,d	1
145	object	localgroup	rod_admin	v,u,d,c	1
146	object	localgroup	rod_user	v,u,d	1
146	object	localgroup	rod_admin	v,u,d,c	1
147	object	localgroup	rod_user	v,u,d	1
147	object	localgroup	rod_admin	v,u,d,c	1
148	object	localgroup	rod_user	v,u,d	1
148	object	localgroup	rod_admin	v,u,d,c	1
149	object	localgroup	rod_user	v,u,d	1
149	object	localgroup	rod_admin	v,u,d,c	1
150	object	localgroup	rod_user	v,u,d	1
150	object	localgroup	rod_admin	v,u,d,c	1
151	object	localgroup	rod_user	v,u,d	1
151	object	localgroup	rod_admin	v,u,d,c	1
152	object	localgroup	rod_user	v,u,d	1
152	object	localgroup	rod_admin	v,u,d,c	1
153	object	localgroup	rod_user	v,u,d	1
153	object	localgroup	rod_admin	v,u,d,c	1
154	object	localgroup	rod_user	v,u,d	1
154	object	localgroup	rod_admin	v,u,d,c	1
155	object	localgroup	rod_user	v,u,d	1
155	object	localgroup	rod_admin	v,u,d,c	1
156	object	localgroup	rod_user	v,u,d	1
156	object	localgroup	rod_admin	v,u,d,c	1
157	object	localgroup	rod_user	v,u,d	1
157	object	localgroup	rod_admin	v,u,d,c	1
158	object	localgroup	rod_user	v,u,d	1
158	object	localgroup	rod_admin	v,u,d,c	1
159	object	localgroup	rod_user	v,u,d	1
159	object	localgroup	rod_admin	v,u,d,c	1
160	object	localgroup	rod_user	v,u,d	1
160	object	localgroup	rod_admin	v,u,d,c	1
650	object	localgroup	rod_user	v,u,d	1
650	object	localgroup	rod_admin	v,u,d,c	1
654	object	localgroup	rod_user	v,u,d	1
654	object	localgroup	rod_admin	v,u,d,c	1
163	object	localgroup	rod_user	v,u,d	1
163	object	localgroup	rod_admin	v,u,d,c	1
164	object	localgroup	rod_user	v,u,d	1
164	object	localgroup	rod_admin	v,u,d,c	1
648	object	localgroup	rod_user	v,u,d	1
648	object	localgroup	rod_admin	v,u,d,c	1
647	object	localgroup	rod_user	v,u,d	1
647	object	localgroup	rod_admin	v,u,d,c	1
167	object	localgroup	rod_user	v,u,d	1
167	object	localgroup	rod_admin	v,u,d,c	1
168	object	localgroup	rod_user	v,u,d	1
168	object	localgroup	rod_admin	v,u,d,c	1
717	object	localgroup	rod_user	v,u,d	1
717	object	localgroup	rod_admin	v,u,d,c	1
170	object	localgroup	rod_user	v,u,d	1
170	object	localgroup	rod_admin	v,u,d,c	1
715	object	localgroup	rod_user	v,u,d	1
715	object	localgroup	rod_admin	v,u,d,c	1
172	object	localgroup	rod_user	v,u,d	1
172	object	localgroup	rod_admin	v,u,d,c	1
173	object	localgroup	rod_user	v,u,d	1
173	object	localgroup	rod_admin	v,u,d,c	1
174	object	localgroup	rod_user	v,u,d	1
174	object	localgroup	rod_admin	v,u,d,c	1
175	object	localgroup	rod_user	v,u,d	1
175	object	localgroup	rod_admin	v,u,d,c	1
176	object	localgroup	rod_user	v,u,d	1
176	object	localgroup	rod_admin	v,u,d,c	1
177	object	localgroup	rod_user	v,u,d	1
177	object	localgroup	rod_admin	v,u,d,c	1
178	object	localgroup	rod_user	v,u,d	1
178	object	localgroup	rod_admin	v,u,d,c	1
179	object	localgroup	rod_user	v,u,d	1
179	object	localgroup	rod_admin	v,u,d,c	1
180	object	localgroup	rod_user	v,u,d	1
180	object	localgroup	rod_admin	v,u,d,c	1
181	object	localgroup	rod_user	v,u,d	1
181	object	localgroup	rod_admin	v,u,d,c	1
182	object	localgroup	rod_user	v,u,d	1
182	object	localgroup	rod_admin	v,u,d,c	1
183	object	localgroup	rod_user	v,u,d	1
183	object	localgroup	rod_admin	v,u,d,c	1
184	object	localgroup	rod_user	v,u,d	1
184	object	localgroup	rod_admin	v,u,d,c	1
185	object	localgroup	rod_user	v,u,d	1
185	object	localgroup	rod_admin	v,u,d,c	1
186	object	localgroup	rod_user	v,u,d	1
186	object	localgroup	rod_admin	v,u,d,c	1
187	object	localgroup	rod_user	v,u,d	1
187	object	localgroup	rod_admin	v,u,d,c	1
188	object	localgroup	rod_user	v,u,d	1
188	object	localgroup	rod_admin	v,u,d,c	1
189	object	localgroup	rod_user	v,u,d	1
189	object	localgroup	rod_admin	v,u,d,c	1
190	object	localgroup	rod_user	v,u,d	1
190	object	localgroup	rod_admin	v,u,d,c	1
191	object	localgroup	rod_user	v,u,d	1
191	object	localgroup	rod_admin	v,u,d,c	1
192	object	localgroup	rod_user	v,u,d	1
192	object	localgroup	rod_admin	v,u,d,c	1
193	object	localgroup	rod_user	v,u,d	1
193	object	localgroup	rod_admin	v,u,d,c	1
194	object	localgroup	rod_user	v,u,d	1
194	object	localgroup	rod_admin	v,u,d,c	1
195	object	localgroup	rod_user	v,u,d	1
195	object	localgroup	rod_admin	v,u,d,c	1
196	object	localgroup	rod_user	v,u,d	1
196	object	localgroup	rod_admin	v,u,d,c	1
197	object	localgroup	rod_user	v,u,d	1
197	object	localgroup	rod_admin	v,u,d,c	1
198	object	localgroup	rod_user	v,u,d	1
198	object	localgroup	rod_admin	v,u,d,c	1
199	object	localgroup	rod_user	v,u,d	1
199	object	localgroup	rod_admin	v,u,d,c	1
200	object	localgroup	rod_user	v,u,d	1
200	object	localgroup	rod_admin	v,u,d,c	1
201	object	localgroup	rod_user	v,u,d	1
201	object	localgroup	rod_admin	v,u,d,c	1
202	object	localgroup	rod_user	v,u,d	1
202	object	localgroup	rod_admin	v,u,d,c	1
203	object	localgroup	rod_user	v,u,d	1
203	object	localgroup	rod_admin	v,u,d,c	1
204	object	localgroup	rod_user	v,u,d	1
204	object	localgroup	rod_admin	v,u,d,c	1
205	object	localgroup	rod_user	v,u,d	1
205	object	localgroup	rod_admin	v,u,d,c	1
206	object	localgroup	rod_user	v,u,d	1
206	object	localgroup	rod_admin	v,u,d,c	1
207	object	localgroup	rod_user	v,u,d	1
207	object	localgroup	rod_admin	v,u,d,c	1
208	object	localgroup	rod_user	v,u,d	1
208	object	localgroup	rod_admin	v,u,d,c	1
209	object	localgroup	rod_user	v,u,d	1
209	object	localgroup	rod_admin	v,u,d,c	1
210	object	localgroup	rod_user	v,u,d	1
210	object	localgroup	rod_admin	v,u,d,c	1
211	object	localgroup	rod_user	v,u,d	1
211	object	localgroup	rod_admin	v,u,d,c	1
212	object	localgroup	rod_user	v,u,d	1
212	object	localgroup	rod_admin	v,u,d,c	1
213	object	localgroup	rod_user	v,u,d	1
213	object	localgroup	rod_admin	v,u,d,c	1
214	object	localgroup	rod_user	v,u,d	1
214	object	localgroup	rod_admin	v,u,d,c	1
215	object	localgroup	rod_user	v,u,d	1
215	object	localgroup	rod_admin	v,u,d,c	1
216	object	localgroup	rod_user	v,u,d	1
216	object	localgroup	rod_admin	v,u,d,c	1
217	object	localgroup	rod_user	v,u,d	1
217	object	localgroup	rod_admin	v,u,d,c	1
218	object	localgroup	rod_user	v,u,d	1
218	object	localgroup	rod_admin	v,u,d,c	1
219	object	localgroup	rod_user	v,u,d	1
219	object	localgroup	rod_admin	v,u,d,c	1
220	object	localgroup	rod_user	v,u,d	1
220	object	localgroup	rod_admin	v,u,d,c	1
221	object	localgroup	rod_user	v,u,d	1
221	object	localgroup	rod_admin	v,u,d,c	1
222	object	localgroup	rod_user	v,u,d	1
222	object	localgroup	rod_admin	v,u,d,c	1
223	object	localgroup	rod_user	v,u,d	1
223	object	localgroup	rod_admin	v,u,d,c	1
224	object	localgroup	rod_user	v,u,d	1
224	object	localgroup	rod_admin	v,u,d,c	1
225	object	localgroup	rod_user	v,u,d	1
225	object	localgroup	rod_admin	v,u,d,c	1
226	object	localgroup	rod_user	v,u,d	1
226	object	localgroup	rod_admin	v,u,d,c	1
227	object	localgroup	rod_user	v,u,d	1
227	object	localgroup	rod_admin	v,u,d,c	1
228	object	localgroup	rod_user	v,u,d	1
228	object	localgroup	rod_admin	v,u,d,c	1
229	object	localgroup	rod_user	v,u,d	1
229	object	localgroup	rod_admin	v,u,d,c	1
230	object	localgroup	rod_user	v,u,d	1
230	object	localgroup	rod_admin	v,u,d,c	1
231	object	localgroup	rod_user	v,u,d	1
231	object	localgroup	rod_admin	v,u,d,c	1
232	object	localgroup	rod_user	v,u,d	1
232	object	localgroup	rod_admin	v,u,d,c	1
233	object	localgroup	rod_user	v,u,d	1
233	object	localgroup	rod_admin	v,u,d,c	1
234	object	localgroup	rod_user	v,u,d	1
234	object	localgroup	rod_admin	v,u,d,c	1
235	object	localgroup	rod_user	v,u,d	1
235	object	localgroup	rod_admin	v,u,d,c	1
236	object	localgroup	rod_user	v,u,d	1
236	object	localgroup	rod_admin	v,u,d,c	1
237	object	localgroup	rod_user	v,u,d	1
237	object	localgroup	rod_admin	v,u,d,c	1
238	object	localgroup	rod_user	v,u,d	1
238	object	localgroup	rod_admin	v,u,d,c	1
239	object	localgroup	rod_user	v,u,d	1
239	object	localgroup	rod_admin	v,u,d,c	1
240	object	localgroup	rod_user	v,u,d	1
240	object	localgroup	rod_admin	v,u,d,c	1
241	object	localgroup	rod_user	v,u,d	1
241	object	localgroup	rod_admin	v,u,d,c	1
242	object	localgroup	rod_user	v,u,d	1
242	object	localgroup	rod_admin	v,u,d,c	1
243	object	localgroup	rod_user	v,u,d	1
243	object	localgroup	rod_admin	v,u,d,c	1
244	object	localgroup	rod_user	v,u,d	1
244	object	localgroup	rod_admin	v,u,d,c	1
245	object	localgroup	rod_user	v,u,d	1
245	object	localgroup	rod_admin	v,u,d,c	1
246	object	localgroup	rod_user	v,u,d	1
246	object	localgroup	rod_admin	v,u,d,c	1
247	object	localgroup	rod_user	v,u,d	1
247	object	localgroup	rod_admin	v,u,d,c	1
248	object	localgroup	rod_user	v,u,d	1
248	object	localgroup	rod_admin	v,u,d,c	1
249	object	localgroup	rod_user	v,u,d	1
249	object	localgroup	rod_admin	v,u,d,c	1
250	object	localgroup	rod_user	v,u,d	1
250	object	localgroup	rod_admin	v,u,d,c	1
251	object	localgroup	rod_user	v,u,d	1
251	object	localgroup	rod_admin	v,u,d,c	1
252	object	localgroup	rod_user	v,u,d	1
252	object	localgroup	rod_admin	v,u,d,c	1
253	object	localgroup	rod_user	v,u,d	1
253	object	localgroup	rod_admin	v,u,d,c	1
254	object	localgroup	rod_user	v,u,d	1
254	object	localgroup	rod_admin	v,u,d,c	1
255	object	localgroup	rod_user	v,u,d	1
255	object	localgroup	rod_admin	v,u,d,c	1
256	object	localgroup	rod_user	v,u,d	1
256	object	localgroup	rod_admin	v,u,d,c	1
257	object	localgroup	rod_user	v,u,d	1
257	object	localgroup	rod_admin	v,u,d,c	1
258	object	localgroup	rod_user	v,u,d	1
258	object	localgroup	rod_admin	v,u,d,c	1
259	object	localgroup	rod_user	v,u,d	1
259	object	localgroup	rod_admin	v,u,d,c	1
260	object	localgroup	rod_user	v,u,d	1
260	object	localgroup	rod_admin	v,u,d,c	1
261	object	localgroup	rod_user	v,u,d	1
261	object	localgroup	rod_admin	v,u,d,c	1
262	object	localgroup	rod_user	v,u,d	1
262	object	localgroup	rod_admin	v,u,d,c	1
263	object	localgroup	rod_user	v,u,d	1
263	object	localgroup	rod_admin	v,u,d,c	1
264	object	localgroup	rod_user	v,u,d	1
264	object	localgroup	rod_admin	v,u,d,c	1
265	object	localgroup	rod_user	v,u,d	1
265	object	localgroup	rod_admin	v,u,d,c	1
266	object	localgroup	rod_user	v,u,d	1
266	object	localgroup	rod_admin	v,u,d,c	1
267	object	localgroup	rod_user	v,u,d	1
267	object	localgroup	rod_admin	v,u,d,c	1
268	object	localgroup	rod_user	v,u,d	1
268	object	localgroup	rod_admin	v,u,d,c	1
269	object	localgroup	rod_user	v,u,d	1
269	object	localgroup	rod_admin	v,u,d,c	1
270	object	localgroup	rod_user	v,u,d	1
270	object	localgroup	rod_admin	v,u,d,c	1
271	object	localgroup	rod_user	v,u,d	1
271	object	localgroup	rod_admin	v,u,d,c	1
272	object	localgroup	rod_user	v,u,d	1
272	object	localgroup	rod_admin	v,u,d,c	1
273	object	localgroup	rod_user	v,u,d	1
273	object	localgroup	rod_admin	v,u,d,c	1
274	object	localgroup	rod_user	v,u,d	1
274	object	localgroup	rod_admin	v,u,d,c	1
275	object	localgroup	rod_user	v,u,d	1
275	object	localgroup	rod_admin	v,u,d,c	1
276	object	localgroup	rod_user	v,u,d	1
276	object	localgroup	rod_admin	v,u,d,c	1
277	object	localgroup	rod_user	v,u,d	1
277	object	localgroup	rod_admin	v,u,d,c	1
278	object	localgroup	rod_user	v,u,d	1
278	object	localgroup	rod_admin	v,u,d,c	1
279	object	localgroup	rod_user	v,u,d	1
279	object	localgroup	rod_admin	v,u,d,c	1
280	object	localgroup	rod_user	v,u,d	1
280	object	localgroup	rod_admin	v,u,d,c	1
281	object	localgroup	rod_user	v,u,d	1
281	object	localgroup	rod_admin	v,u,d,c	1
282	object	localgroup	rod_user	v,u,d	1
282	object	localgroup	rod_admin	v,u,d,c	1
283	object	localgroup	rod_user	v,u,d	1
283	object	localgroup	rod_admin	v,u,d,c	1
284	object	localgroup	rod_user	v,u,d	1
284	object	localgroup	rod_admin	v,u,d,c	1
285	object	localgroup	rod_user	v,u,d	1
285	object	localgroup	rod_admin	v,u,d,c	1
286	object	localgroup	rod_user	v,u,d	1
286	object	localgroup	rod_admin	v,u,d,c	1
287	object	localgroup	rod_user	v,u,d	1
287	object	localgroup	rod_admin	v,u,d,c	1
288	object	localgroup	rod_user	v,u,d	1
288	object	localgroup	rod_admin	v,u,d,c	1
289	object	localgroup	rod_user	v,u,d	1
289	object	localgroup	rod_admin	v,u,d,c	1
290	object	localgroup	rod_user	v,u,d	1
290	object	localgroup	rod_admin	v,u,d,c	1
291	object	localgroup	rod_user	v,u,d	1
291	object	localgroup	rod_admin	v,u,d,c	1
292	object	localgroup	rod_user	v,u,d	1
292	object	localgroup	rod_admin	v,u,d,c	1
293	object	localgroup	rod_user	v,u,d	1
293	object	localgroup	rod_admin	v,u,d,c	1
294	object	localgroup	rod_user	v,u,d	1
294	object	localgroup	rod_admin	v,u,d,c	1
295	object	localgroup	rod_user	v,u,d	1
295	object	localgroup	rod_admin	v,u,d,c	1
296	object	localgroup	rod_user	v,u,d	1
296	object	localgroup	rod_admin	v,u,d,c	1
297	object	localgroup	rod_user	v,u,d	1
297	object	localgroup	rod_admin	v,u,d,c	1
298	object	localgroup	rod_user	v,u,d	1
298	object	localgroup	rod_admin	v,u,d,c	1
299	object	localgroup	rod_user	v,u,d	1
299	object	localgroup	rod_admin	v,u,d,c	1
300	object	localgroup	rod_user	v,u,d	1
300	object	localgroup	rod_admin	v,u,d,c	1
301	object	localgroup	rod_user	v,u,d	1
301	object	localgroup	rod_admin	v,u,d,c	1
302	object	localgroup	rod_user	v,u,d	1
302	object	localgroup	rod_admin	v,u,d,c	1
303	object	localgroup	rod_user	v,u,d	1
303	object	localgroup	rod_admin	v,u,d,c	1
304	object	localgroup	rod_user	v,u,d	1
304	object	localgroup	rod_admin	v,u,d,c	1
305	object	localgroup	rod_user	v,u,d	1
305	object	localgroup	rod_admin	v,u,d,c	1
306	object	localgroup	rod_user	v,u,d	1
306	object	localgroup	rod_admin	v,u,d,c	1
307	object	localgroup	rod_user	v,u,d	1
307	object	localgroup	rod_admin	v,u,d,c	1
308	object	localgroup	rod_user	v,u,d	1
308	object	localgroup	rod_admin	v,u,d,c	1
309	object	localgroup	rod_user	v,u,d	1
309	object	localgroup	rod_admin	v,u,d,c	1
310	object	localgroup	rod_user	v,u,d	1
310	object	localgroup	rod_admin	v,u,d,c	1
311	object	localgroup	rod_user	v,u,d	1
311	object	localgroup	rod_admin	v,u,d,c	1
312	object	localgroup	rod_user	v,u,d	1
312	object	localgroup	rod_admin	v,u,d,c	1
313	object	localgroup	rod_user	v,u,d	1
313	object	localgroup	rod_admin	v,u,d,c	1
314	object	localgroup	rod_user	v,u,d	1
314	object	localgroup	rod_admin	v,u,d,c	1
315	object	localgroup	rod_user	v,u,d	1
315	object	localgroup	rod_admin	v,u,d,c	1
316	object	localgroup	rod_user	v,u,d	1
316	object	localgroup	rod_admin	v,u,d,c	1
317	object	localgroup	rod_user	v,u,d	1
317	object	localgroup	rod_admin	v,u,d,c	1
318	object	localgroup	rod_user	v,u,d	1
318	object	localgroup	rod_admin	v,u,d,c	1
319	object	localgroup	rod_user	v,u,d	1
319	object	localgroup	rod_admin	v,u,d,c	1
320	object	localgroup	rod_user	v,u,d	1
320	object	localgroup	rod_admin	v,u,d,c	1
321	object	localgroup	rod_user	v,u,d	1
321	object	localgroup	rod_admin	v,u,d,c	1
322	object	localgroup	rod_user	v,u,d	1
322	object	localgroup	rod_admin	v,u,d,c	1
323	object	localgroup	rod_user	v,u,d	1
323	object	localgroup	rod_admin	v,u,d,c	1
324	object	localgroup	rod_user	v,u,d	1
324	object	localgroup	rod_admin	v,u,d,c	1
325	object	localgroup	rod_user	v,u,d	1
325	object	localgroup	rod_admin	v,u,d,c	1
326	object	localgroup	rod_user	v,u,d	1
326	object	localgroup	rod_admin	v,u,d,c	1
327	object	localgroup	rod_user	v,u,d	1
327	object	localgroup	rod_admin	v,u,d,c	1
328	object	localgroup	rod_user	v,u,d	1
328	object	localgroup	rod_admin	v,u,d,c	1
329	object	localgroup	rod_user	v,u,d	1
329	object	localgroup	rod_admin	v,u,d,c	1
330	object	localgroup	rod_user	v,u,d	1
330	object	localgroup	rod_admin	v,u,d,c	1
331	object	localgroup	rod_user	v,u,d	1
331	object	localgroup	rod_admin	v,u,d,c	1
332	object	localgroup	rod_user	v,u,d	1
332	object	localgroup	rod_admin	v,u,d,c	1
333	object	localgroup	rod_user	v,u,d	1
333	object	localgroup	rod_admin	v,u,d,c	1
334	object	localgroup	rod_user	v,u,d	1
334	object	localgroup	rod_admin	v,u,d,c	1
335	object	localgroup	rod_user	v,u,d	1
335	object	localgroup	rod_admin	v,u,d,c	1
336	object	localgroup	rod_user	v,u,d	1
336	object	localgroup	rod_admin	v,u,d,c	1
337	object	localgroup	rod_user	v,u,d	1
337	object	localgroup	rod_admin	v,u,d,c	1
338	object	localgroup	rod_user	v,u,d	1
338	object	localgroup	rod_admin	v,u,d,c	1
339	object	localgroup	rod_user	v,u,d	1
339	object	localgroup	rod_admin	v,u,d,c	1
340	object	localgroup	rod_user	v,u,d	1
340	object	localgroup	rod_admin	v,u,d,c	1
341	object	localgroup	rod_user	v,u,d	1
341	object	localgroup	rod_admin	v,u,d,c	1
342	object	localgroup	rod_user	v,u,d	1
342	object	localgroup	rod_admin	v,u,d,c	1
343	object	localgroup	rod_user	v,u,d	1
343	object	localgroup	rod_admin	v,u,d,c	1
344	object	localgroup	rod_user	v,u,d	1
344	object	localgroup	rod_admin	v,u,d,c	1
345	object	localgroup	rod_user	v,u,d	1
345	object	localgroup	rod_admin	v,u,d,c	1
346	object	localgroup	rod_user	v,u,d	1
346	object	localgroup	rod_admin	v,u,d,c	1
347	object	localgroup	rod_user	v,u,d	1
347	object	localgroup	rod_admin	v,u,d,c	1
348	object	localgroup	rod_user	v,u,d	1
348	object	localgroup	rod_admin	v,u,d,c	1
349	object	localgroup	rod_user	v,u,d	1
349	object	localgroup	rod_admin	v,u,d,c	1
350	object	localgroup	rod_user	v,u,d	1
350	object	localgroup	rod_admin	v,u,d,c	1
351	object	localgroup	rod_user	v,u,d	1
351	object	localgroup	rod_admin	v,u,d,c	1
352	object	localgroup	rod_user	v,u,d	1
352	object	localgroup	rod_admin	v,u,d,c	1
353	object	localgroup	rod_user	v,u,d	1
353	object	localgroup	rod_admin	v,u,d,c	1
354	object	localgroup	rod_user	v,u,d	1
354	object	localgroup	rod_admin	v,u,d,c	1
355	object	localgroup	rod_user	v,u,d	1
355	object	localgroup	rod_admin	v,u,d,c	1
356	object	localgroup	rod_user	v,u,d	1
356	object	localgroup	rod_admin	v,u,d,c	1
357	object	localgroup	rod_user	v,u,d	1
357	object	localgroup	rod_admin	v,u,d,c	1
358	object	localgroup	rod_user	v,u,d	1
358	object	localgroup	rod_admin	v,u,d,c	1
359	object	localgroup	rod_user	v,u,d	1
359	object	localgroup	rod_admin	v,u,d,c	1
360	object	localgroup	rod_user	v,u,d	1
360	object	localgroup	rod_admin	v,u,d,c	1
361	object	localgroup	rod_user	v,u,d	1
361	object	localgroup	rod_admin	v,u,d,c	1
362	object	localgroup	rod_user	v,u,d	1
362	object	localgroup	rod_admin	v,u,d,c	1
363	object	localgroup	rod_user	v,u,d	1
363	object	localgroup	rod_admin	v,u,d,c	1
364	object	localgroup	rod_user	v,u,d	1
364	object	localgroup	rod_admin	v,u,d,c	1
365	object	localgroup	rod_user	v,u,d	1
365	object	localgroup	rod_admin	v,u,d,c	1
366	object	localgroup	rod_user	v,u,d	1
366	object	localgroup	rod_admin	v,u,d,c	1
367	object	localgroup	rod_user	v,u,d	1
367	object	localgroup	rod_admin	v,u,d,c	1
368	object	localgroup	rod_user	v,u,d	1
368	object	localgroup	rod_admin	v,u,d,c	1
369	object	localgroup	rod_user	v,u,d	1
369	object	localgroup	rod_admin	v,u,d,c	1
370	object	localgroup	rod_user	v,u,d	1
370	object	localgroup	rod_admin	v,u,d,c	1
371	object	localgroup	rod_user	v,u,d	1
371	object	localgroup	rod_admin	v,u,d,c	1
372	object	localgroup	rod_user	v,u,d	1
372	object	localgroup	rod_admin	v,u,d,c	1
373	object	localgroup	rod_user	v,u,d	1
373	object	localgroup	rod_admin	v,u,d,c	1
374	object	localgroup	rod_user	v,u,d	1
374	object	localgroup	rod_admin	v,u,d,c	1
375	object	localgroup	rod_user	v,u,d	1
375	object	localgroup	rod_admin	v,u,d,c	1
376	object	localgroup	rod_user	v,u,d	1
376	object	localgroup	rod_admin	v,u,d,c	1
377	object	localgroup	rod_user	v,u,d	1
377	object	localgroup	rod_admin	v,u,d,c	1
378	object	localgroup	rod_user	v,u,d	1
378	object	localgroup	rod_admin	v,u,d,c	1
379	object	localgroup	rod_user	v,u,d	1
379	object	localgroup	rod_admin	v,u,d,c	1
380	object	localgroup	rod_user	v,u,d	1
380	object	localgroup	rod_admin	v,u,d,c	1
381	object	localgroup	rod_user	v,u,d	1
381	object	localgroup	rod_admin	v,u,d,c	1
382	object	localgroup	rod_user	v,u,d	1
382	object	localgroup	rod_admin	v,u,d,c	1
383	object	localgroup	rod_user	v,u,d	1
383	object	localgroup	rod_admin	v,u,d,c	1
384	object	localgroup	rod_user	v,u,d	1
384	object	localgroup	rod_admin	v,u,d,c	1
385	object	localgroup	rod_user	v,u,d	1
385	object	localgroup	rod_admin	v,u,d,c	1
386	object	localgroup	rod_user	v,u,d	1
386	object	localgroup	rod_admin	v,u,d,c	1
387	object	localgroup	rod_user	v,u,d	1
387	object	localgroup	rod_admin	v,u,d,c	1
388	object	localgroup	rod_user	v,u,d	1
388	object	localgroup	rod_admin	v,u,d,c	1
389	object	localgroup	rod_user	v,u,d	1
389	object	localgroup	rod_admin	v,u,d,c	1
390	object	localgroup	rod_user	v,u,d	1
390	object	localgroup	rod_admin	v,u,d,c	1
391	object	localgroup	rod_user	v,u,d	1
391	object	localgroup	rod_admin	v,u,d,c	1
392	object	localgroup	rod_user	v,u,d	1
392	object	localgroup	rod_admin	v,u,d,c	1
393	object	localgroup	rod_user	v,u,d	1
393	object	localgroup	rod_admin	v,u,d,c	1
394	object	localgroup	rod_user	v,u,d	1
394	object	localgroup	rod_admin	v,u,d,c	1
395	object	localgroup	rod_user	v,u,d	1
395	object	localgroup	rod_admin	v,u,d,c	1
396	object	localgroup	rod_user	v,u,d	1
396	object	localgroup	rod_admin	v,u,d,c	1
397	object	localgroup	rod_user	v,u,d	1
397	object	localgroup	rod_admin	v,u,d,c	1
398	object	localgroup	rod_user	v,u,d	1
398	object	localgroup	rod_admin	v,u,d,c	1
399	object	localgroup	rod_user	v,u,d	1
399	object	localgroup	rod_admin	v,u,d,c	1
400	object	localgroup	rod_user	v,u,d	1
400	object	localgroup	rod_admin	v,u,d,c	1
401	object	localgroup	rod_user	v,u,d	1
401	object	localgroup	rod_admin	v,u,d,c	1
402	object	localgroup	rod_user	v,u,d	1
402	object	localgroup	rod_admin	v,u,d,c	1
403	object	localgroup	rod_user	v,u,d	1
403	object	localgroup	rod_admin	v,u,d,c	1
404	object	localgroup	rod_user	v,u,d	1
404	object	localgroup	rod_admin	v,u,d,c	1
405	object	localgroup	rod_user	v,u,d	1
405	object	localgroup	rod_admin	v,u,d,c	1
406	object	localgroup	rod_user	v,u,d	1
406	object	localgroup	rod_admin	v,u,d,c	1
407	object	localgroup	rod_user	v,u,d	1
407	object	localgroup	rod_admin	v,u,d,c	1
408	object	localgroup	rod_user	v,u,d	1
408	object	localgroup	rod_admin	v,u,d,c	1
713	object	localgroup	rod_user	v,u,d	1
713	object	localgroup	rod_admin	v,u,d,c	1
410	object	localgroup	rod_user	v,u,d	1
410	object	localgroup	rod_admin	v,u,d,c	1
411	object	localgroup	rod_user	v,u,d	1
411	object	localgroup	rod_admin	v,u,d,c	1
412	object	localgroup	rod_user	v,u,d	1
412	object	localgroup	rod_admin	v,u,d,c	1
414	object	localgroup	rod_user	v,u,d	1
414	object	localgroup	rod_admin	v,u,d,c	1
415	object	localgroup	rod_user	v,u,d	1
415	object	localgroup	rod_admin	v,u,d,c	1
416	object	localgroup	rod_user	v,u,d	1
416	object	localgroup	rod_admin	v,u,d,c	1
417	object	localgroup	rod_user	v,u,d	1
417	object	localgroup	rod_admin	v,u,d,c	1
418	object	localgroup	rod_user	v,u,d	1
418	object	localgroup	rod_admin	v,u,d,c	1
419	object	localgroup	rod_user	v,u,d	1
419	object	localgroup	rod_admin	v,u,d,c	1
420	object	localgroup	rod_user	v,u,d	1
420	object	localgroup	rod_admin	v,u,d,c	1
421	object	localgroup	rod_user	v,u,d	1
421	object	localgroup	rod_admin	v,u,d,c	1
422	object	localgroup	rod_user	v,u,d	1
422	object	localgroup	rod_admin	v,u,d,c	1
423	object	localgroup	rod_user	v,u,d	1
423	object	localgroup	rod_admin	v,u,d,c	1
424	object	localgroup	rod_user	v,u,d	1
424	object	localgroup	rod_admin	v,u,d,c	1
425	object	localgroup	rod_user	v,u,d	1
425	object	localgroup	rod_admin	v,u,d,c	1
426	object	localgroup	rod_user	v,u,d	1
426	object	localgroup	rod_admin	v,u,d,c	1
427	object	localgroup	rod_user	v,u,d	1
427	object	localgroup	rod_admin	v,u,d,c	1
428	object	localgroup	rod_user	v,u,d	1
428	object	localgroup	rod_admin	v,u,d,c	1
429	object	localgroup	rod_user	v,u,d	1
429	object	localgroup	rod_admin	v,u,d,c	1
430	object	localgroup	rod_user	v,u,d	1
430	object	localgroup	rod_admin	v,u,d,c	1
431	object	localgroup	rod_user	v,u,d	1
431	object	localgroup	rod_admin	v,u,d,c	1
432	object	localgroup	rod_user	v,u,d	1
432	object	localgroup	rod_admin	v,u,d,c	1
433	object	localgroup	rod_user	v,u,d	1
433	object	localgroup	rod_admin	v,u,d,c	1
434	object	localgroup	rod_user	v,u,d	1
434	object	localgroup	rod_admin	v,u,d,c	1
435	object	localgroup	rod_user	v,u,d	1
435	object	localgroup	rod_admin	v,u,d,c	1
436	object	localgroup	rod_user	v,u,d	1
436	object	localgroup	rod_admin	v,u,d,c	1
437	object	localgroup	rod_user	v,u,d	1
437	object	localgroup	rod_admin	v,u,d,c	1
438	object	localgroup	rod_user	v,u,d	1
438	object	localgroup	rod_admin	v,u,d,c	1
439	object	localgroup	rod_user	v,u,d	1
439	object	localgroup	rod_admin	v,u,d,c	1
440	object	localgroup	rod_user	v,u,d	1
440	object	localgroup	rod_admin	v,u,d,c	1
441	object	localgroup	rod_user	v,u,d	1
441	object	localgroup	rod_admin	v,u,d,c	1
442	object	localgroup	rod_user	v,u,d	1
442	object	localgroup	rod_admin	v,u,d,c	1
443	object	localgroup	rod_user	v,u,d	1
443	object	localgroup	rod_admin	v,u,d,c	1
444	object	localgroup	rod_user	v,u,d	1
444	object	localgroup	rod_admin	v,u,d,c	1
445	object	localgroup	rod_user	v,u,d	1
445	object	localgroup	rod_admin	v,u,d,c	1
446	object	localgroup	rod_user	v,u,d	1
446	object	localgroup	rod_admin	v,u,d,c	1
447	object	localgroup	rod_user	v,u,d	1
447	object	localgroup	rod_admin	v,u,d,c	1
448	object	localgroup	rod_user	v,u,d	1
448	object	localgroup	rod_admin	v,u,d,c	1
449	object	localgroup	rod_user	v,u,d	1
449	object	localgroup	rod_admin	v,u,d,c	1
450	object	localgroup	rod_user	v,u,d	1
450	object	localgroup	rod_admin	v,u,d,c	1
451	object	localgroup	rod_user	v,u,d	1
451	object	localgroup	rod_admin	v,u,d,c	1
452	object	localgroup	rod_user	v,u,d	1
452	object	localgroup	rod_admin	v,u,d,c	1
453	object	localgroup	rod_user	v,u,d	1
453	object	localgroup	rod_admin	v,u,d,c	1
454	object	localgroup	rod_user	v,u,d	1
454	object	localgroup	rod_admin	v,u,d,c	1
455	object	localgroup	rod_user	v,u,d	1
455	object	localgroup	rod_admin	v,u,d,c	1
456	object	localgroup	rod_user	v,u,d	1
456	object	localgroup	rod_admin	v,u,d,c	1
457	object	localgroup	rod_user	v,u,d	1
457	object	localgroup	rod_admin	v,u,d,c	1
458	object	localgroup	rod_user	v,u,d	1
458	object	localgroup	rod_admin	v,u,d,c	1
459	object	localgroup	rod_user	v,u,d	1
459	object	localgroup	rod_admin	v,u,d,c	1
460	object	localgroup	rod_user	v,u,d	1
460	object	localgroup	rod_admin	v,u,d,c	1
461	object	localgroup	rod_user	v,u,d	1
461	object	localgroup	rod_admin	v,u,d,c	1
462	object	localgroup	rod_user	v,u,d	1
462	object	localgroup	rod_admin	v,u,d,c	1
463	object	localgroup	rod_user	v,u,d	1
463	object	localgroup	rod_admin	v,u,d,c	1
464	object	localgroup	rod_user	v,u,d	1
464	object	localgroup	rod_admin	v,u,d,c	1
465	object	localgroup	rod_user	v,u,d	1
465	object	localgroup	rod_admin	v,u,d,c	1
466	object	localgroup	rod_user	v,u,d	1
466	object	localgroup	rod_admin	v,u,d,c	1
467	object	localgroup	rod_user	v,u,d	1
467	object	localgroup	rod_admin	v,u,d,c	1
468	object	localgroup	rod_user	v,u,d	1
468	object	localgroup	rod_admin	v,u,d,c	1
469	object	localgroup	rod_user	v,u,d	1
469	object	localgroup	rod_admin	v,u,d,c	1
470	object	localgroup	rod_user	v,u,d	1
470	object	localgroup	rod_admin	v,u,d,c	1
471	object	localgroup	rod_user	v,u,d	1
471	object	localgroup	rod_admin	v,u,d,c	1
472	object	localgroup	rod_user	v,u,d	1
472	object	localgroup	rod_admin	v,u,d,c	1
473	object	localgroup	rod_user	v,u,d	1
473	object	localgroup	rod_admin	v,u,d,c	1
474	object	localgroup	rod_user	v,u,d	1
474	object	localgroup	rod_admin	v,u,d,c	1
734	object	localgroup	rod_user	v,u,d	1
734	object	localgroup	rod_admin	v,u,d,c	1
476	object	localgroup	rod_user	v,u,d	1
476	object	localgroup	rod_admin	v,u,d,c	1
477	object	localgroup	rod_user	v,u,d	1
477	object	localgroup	rod_admin	v,u,d,c	1
478	object	localgroup	rod_user	v,u,d	1
478	object	localgroup	rod_admin	v,u,d,c	1
479	object	localgroup	rod_user	v,u,d	1
479	object	localgroup	rod_admin	v,u,d,c	1
480	object	localgroup	rod_user	v,u,d	1
480	object	localgroup	rod_admin	v,u,d,c	1
646	object	localgroup	rod_user	v,u,d	1
646	object	localgroup	rod_admin	v,u,d,c	1
482	object	localgroup	rod_user	v,u,d	1
482	object	localgroup	rod_admin	v,u,d,c	1
483	object	localgroup	rod_user	v,u,d	1
483	object	localgroup	rod_admin	v,u,d,c	1
484	object	localgroup	rod_user	v,u,d	1
484	object	localgroup	rod_admin	v,u,d,c	1
485	object	localgroup	rod_user	v,u,d	1
485	object	localgroup	rod_admin	v,u,d,c	1
486	object	localgroup	rod_user	v,u,d	1
486	object	localgroup	rod_admin	v,u,d,c	1
487	object	localgroup	rod_user	v,u,d	1
487	object	localgroup	rod_admin	v,u,d,c	1
488	object	localgroup	rod_user	v,u,d	1
488	object	localgroup	rod_admin	v,u,d,c	1
489	object	localgroup	rod_user	v,u,d	1
489	object	localgroup	rod_admin	v,u,d,c	1
490	object	localgroup	rod_user	v,u,d	1
490	object	localgroup	rod_admin	v,u,d,c	1
491	object	localgroup	rod_user	v,u,d	1
491	object	localgroup	rod_admin	v,u,d,c	1
492	object	localgroup	rod_user	v,u,d	1
492	object	localgroup	rod_admin	v,u,d,c	1
493	object	localgroup	rod_user	v,u,d	1
493	object	localgroup	rod_admin	v,u,d,c	1
494	object	localgroup	rod_user	v,u,d	1
494	object	localgroup	rod_admin	v,u,d,c	1
495	object	localgroup	rod_user	v,u,d	1
495	object	localgroup	rod_admin	v,u,d,c	1
496	object	localgroup	rod_user	v,u,d	1
496	object	localgroup	rod_admin	v,u,d,c	1
497	object	localgroup	rod_user	v,u,d	1
497	object	localgroup	rod_admin	v,u,d,c	1
498	object	localgroup	rod_user	v,u,d	1
498	object	localgroup	rod_admin	v,u,d,c	1
499	object	localgroup	rod_user	v,u,d	1
499	object	localgroup	rod_admin	v,u,d,c	1
500	object	localgroup	rod_user	v,u,d	1
500	object	localgroup	rod_admin	v,u,d,c	1
501	object	localgroup	rod_user	v,u,d	1
501	object	localgroup	rod_admin	v,u,d,c	1
502	object	localgroup	rod_user	v,u,d	1
502	object	localgroup	rod_admin	v,u,d,c	1
503	object	localgroup	rod_user	v,u,d	1
503	object	localgroup	rod_admin	v,u,d,c	1
504	object	localgroup	rod_user	v,u,d	1
504	object	localgroup	rod_admin	v,u,d,c	1
505	object	localgroup	rod_user	v,u,d	1
505	object	localgroup	rod_admin	v,u,d,c	1
506	object	localgroup	rod_user	v,u,d	1
506	object	localgroup	rod_admin	v,u,d,c	1
507	object	localgroup	rod_user	v,u,d	1
507	object	localgroup	rod_admin	v,u,d,c	1
508	object	localgroup	rod_user	v,u,d	1
508	object	localgroup	rod_admin	v,u,d,c	1
509	object	localgroup	rod_user	v,u,d	1
509	object	localgroup	rod_admin	v,u,d,c	1
510	object	localgroup	rod_user	v,u,d	1
510	object	localgroup	rod_admin	v,u,d,c	1
511	object	localgroup	rod_user	v,u,d	1
511	object	localgroup	rod_admin	v,u,d,c	1
512	object	localgroup	rod_user	v,u,d	1
512	object	localgroup	rod_admin	v,u,d,c	1
513	object	localgroup	rod_user	v,u,d	1
513	object	localgroup	rod_admin	v,u,d,c	1
514	object	localgroup	rod_user	v,u,d	1
514	object	localgroup	rod_admin	v,u,d,c	1
515	object	localgroup	rod_user	v,u,d	1
515	object	localgroup	rod_admin	v,u,d,c	1
516	object	localgroup	rod_user	v,u,d	1
516	object	localgroup	rod_admin	v,u,d,c	1
517	object	localgroup	rod_user	v,u,d	1
517	object	localgroup	rod_admin	v,u,d,c	1
518	object	localgroup	rod_user	v,u,d	1
518	object	localgroup	rod_admin	v,u,d,c	1
519	object	localgroup	rod_user	v,u,d	1
519	object	localgroup	rod_admin	v,u,d,c	1
520	object	localgroup	rod_user	v,u,d	1
520	object	localgroup	rod_admin	v,u,d,c	1
521	object	localgroup	rod_user	v,u,d	1
521	object	localgroup	rod_admin	v,u,d,c	1
522	object	localgroup	rod_user	v,u,d	1
522	object	localgroup	rod_admin	v,u,d,c	1
523	object	localgroup	rod_user	v,u,d	1
523	object	localgroup	rod_admin	v,u,d,c	1
524	object	localgroup	rod_user	v,u,d	1
524	object	localgroup	rod_admin	v,u,d,c	1
525	object	localgroup	rod_user	v,u,d	1
525	object	localgroup	rod_admin	v,u,d,c	1
526	object	localgroup	rod_user	v,u,d	1
526	object	localgroup	rod_admin	v,u,d,c	1
527	object	localgroup	rod_user	v,u,d	1
527	object	localgroup	rod_admin	v,u,d,c	1
528	object	localgroup	rod_user	v,u,d	1
528	object	localgroup	rod_admin	v,u,d,c	1
529	object	localgroup	rod_user	v,u,d	1
529	object	localgroup	rod_admin	v,u,d,c	1
530	object	localgroup	rod_user	v,u,d	1
530	object	localgroup	rod_admin	v,u,d,c	1
531	object	localgroup	rod_user	v,u,d	1
531	object	localgroup	rod_admin	v,u,d,c	1
532	object	localgroup	rod_user	v,u,d	1
532	object	localgroup	rod_admin	v,u,d,c	1
533	object	localgroup	rod_user	v,u,d	1
533	object	localgroup	rod_admin	v,u,d,c	1
534	object	localgroup	rod_user	v,u,d	1
534	object	localgroup	rod_admin	v,u,d,c	1
535	object	localgroup	rod_user	v,u,d	1
535	object	localgroup	rod_admin	v,u,d,c	1
536	object	localgroup	rod_user	v,u,d	1
536	object	localgroup	rod_admin	v,u,d,c	1
537	object	localgroup	rod_user	v,u,d	1
537	object	localgroup	rod_admin	v,u,d,c	1
538	object	localgroup	rod_user	v,u,d	1
538	object	localgroup	rod_admin	v,u,d,c	1
539	object	localgroup	rod_user	v,u,d	1
539	object	localgroup	rod_admin	v,u,d,c	1
540	object	localgroup	rod_user	v,u,d	1
540	object	localgroup	rod_admin	v,u,d,c	1
541	object	localgroup	rod_user	v,u,d	1
541	object	localgroup	rod_admin	v,u,d,c	1
542	object	localgroup	rod_user	v,u,d	1
542	object	localgroup	rod_admin	v,u,d,c	1
543	object	localgroup	rod_user	v,u,d	1
543	object	localgroup	rod_admin	v,u,d,c	1
544	object	localgroup	rod_user	v,u,d	1
544	object	localgroup	rod_admin	v,u,d,c	1
545	object	localgroup	rod_user	v,u,d	1
545	object	localgroup	rod_admin	v,u,d,c	1
546	object	localgroup	rod_user	v,u,d	1
546	object	localgroup	rod_admin	v,u,d,c	1
547	object	localgroup	rod_user	v,u,d	1
547	object	localgroup	rod_admin	v,u,d,c	1
548	object	localgroup	rod_user	v,u,d	1
548	object	localgroup	rod_admin	v,u,d,c	1
549	object	localgroup	rod_user	v,u,d	1
549	object	localgroup	rod_admin	v,u,d,c	1
550	object	localgroup	rod_user	v,u,d	1
550	object	localgroup	rod_admin	v,u,d,c	1
551	object	localgroup	rod_user	v,u,d	1
551	object	localgroup	rod_admin	v,u,d,c	1
552	object	localgroup	rod_user	v,u,d	1
552	object	localgroup	rod_admin	v,u,d,c	1
553	object	localgroup	rod_user	v,u,d	1
553	object	localgroup	rod_admin	v,u,d,c	1
554	object	localgroup	rod_user	v,u,d	1
554	object	localgroup	rod_admin	v,u,d,c	1
555	object	localgroup	rod_user	v,u,d	1
555	object	localgroup	rod_admin	v,u,d,c	1
556	object	localgroup	rod_user	v,u,d	1
556	object	localgroup	rod_admin	v,u,d,c	1
557	object	localgroup	rod_user	v,u,d	1
557	object	localgroup	rod_admin	v,u,d,c	1
558	object	localgroup	rod_user	v,u,d	1
558	object	localgroup	rod_admin	v,u,d,c	1
559	object	localgroup	rod_user	v,u,d	1
559	object	localgroup	rod_admin	v,u,d,c	1
560	object	localgroup	rod_user	v,u,d	1
560	object	localgroup	rod_admin	v,u,d,c	1
561	object	localgroup	rod_user	v,u,d	1
561	object	localgroup	rod_admin	v,u,d,c	1
562	object	localgroup	rod_user	v,u,d	1
562	object	localgroup	rod_admin	v,u,d,c	1
563	object	localgroup	rod_user	v,u,d	1
563	object	localgroup	rod_admin	v,u,d,c	1
564	object	localgroup	rod_user	v,u,d	1
564	object	localgroup	rod_admin	v,u,d,c	1
565	object	localgroup	rod_user	v,u,d	1
565	object	localgroup	rod_admin	v,u,d,c	1
566	object	localgroup	rod_user	v,u,d	1
566	object	localgroup	rod_admin	v,u,d,c	1
643	object	localgroup	rod_user	v,u,d	1
643	object	localgroup	rod_admin	v,u,d,c	1
568	object	localgroup	rod_user	v,u,d	1
568	object	localgroup	rod_admin	v,u,d,c	1
569	object	localgroup	rod_user	v,u,d	1
569	object	localgroup	rod_admin	v,u,d,c	1
570	object	localgroup	rod_user	v,u,d	1
570	object	localgroup	rod_admin	v,u,d,c	1
571	object	localgroup	rod_user	v,u,d	1
571	object	localgroup	rod_admin	v,u,d,c	1
572	object	localgroup	rod_user	v,u,d	1
572	object	localgroup	rod_admin	v,u,d,c	1
573	object	localgroup	rod_user	v,u,d	1
573	object	localgroup	rod_admin	v,u,d,c	1
574	object	localgroup	rod_user	v,u,d	1
574	object	localgroup	rod_admin	v,u,d,c	1
575	object	localgroup	rod_user	v,u,d	1
575	object	localgroup	rod_admin	v,u,d,c	1
576	object	localgroup	rod_user	v,u,d	1
576	object	localgroup	rod_admin	v,u,d,c	1
577	object	localgroup	rod_user	v,u,d	1
577	object	localgroup	rod_admin	v,u,d,c	1
578	object	localgroup	rod_user	v,u,d	1
578	object	localgroup	rod_admin	v,u,d,c	1
579	object	localgroup	rod_user	v,u,d	1
579	object	localgroup	rod_admin	v,u,d,c	1
580	object	localgroup	rod_user	v,u,d	1
580	object	localgroup	rod_admin	v,u,d,c	1
581	object	localgroup	rod_user	v,u,d	1
581	object	localgroup	rod_admin	v,u,d,c	1
582	object	localgroup	rod_user	v,u,d	1
582	object	localgroup	rod_admin	v,u,d,c	1
583	object	localgroup	rod_user	v,u,d	1
583	object	localgroup	rod_admin	v,u,d,c	1
584	object	localgroup	rod_user	v,u,d	1
584	object	localgroup	rod_admin	v,u,d,c	1
585	object	localgroup	rod_user	v,u,d	1
585	object	localgroup	rod_admin	v,u,d,c	1
586	object	localgroup	rod_user	v,u,d	1
586	object	localgroup	rod_admin	v,u,d,c	1
589	object	localgroup	rod_user	v,u,d	1
589	object	localgroup	rod_admin	v,u,d,c	1
590	object	localgroup	rod_user	v,u,d	1
590	object	localgroup	rod_admin	v,u,d,c	1
744	object	localgroup	rod_user	v,u,d	1
744	object	localgroup	rod_admin	v,u,d,c	1
592	object	localgroup	rod_user	v,u,d	1
592	object	localgroup	rod_admin	v,u,d,c	1
593	object	localgroup	rod_user	v,u,d	1
593	object	localgroup	rod_admin	v,u,d,c	1
594	object	localgroup	rod_user	v,u,d	1
594	object	localgroup	rod_admin	v,u,d,c	1
595	object	localgroup	rod_user	v,u,d	1
595	object	localgroup	rod_admin	v,u,d,c	1
596	object	localgroup	rod_user	v,u,d	1
596	object	localgroup	rod_admin	v,u,d,c	1
597	object	localgroup	rod_user	v,u,d	1
597	object	localgroup	rod_admin	v,u,d,c	1
598	object	localgroup	rod_user	v,u,d	1
598	object	localgroup	rod_admin	v,u,d,c	1
599	object	localgroup	rod_user	v,u,d	1
599	object	localgroup	rod_admin	v,u,d,c	1
600	object	localgroup	rod_user	v,u,d	1
600	object	localgroup	rod_admin	v,u,d,c	1
601	object	localgroup	rod_user	v,u,d	1
601	object	localgroup	rod_admin	v,u,d,c	1
602	object	localgroup	rod_user	v,u,d	1
602	object	localgroup	rod_admin	v,u,d,c	1
603	object	localgroup	rod_user	v,u,d	1
603	object	localgroup	rod_admin	v,u,d,c	1
604	object	localgroup	rod_user	v,u,d	1
604	object	localgroup	rod_admin	v,u,d,c	1
605	object	localgroup	rod_user	v,u,d	1
605	object	localgroup	rod_admin	v,u,d,c	1
606	object	localgroup	rod_user	v,u,d	1
606	object	localgroup	rod_admin	v,u,d,c	1
607	object	localgroup	rod_user	v,u,d	1
607	object	localgroup	rod_admin	v,u,d,c	1
609	object	localgroup	rod_user	v,u,d	1
609	object	localgroup	rod_admin	v,u,d,c	1
610	object	localgroup	rod_user	v,u,d	1
610	object	localgroup	rod_admin	v,u,d,c	1
611	object	localgroup	rod_user	v,u,d	1
611	object	localgroup	rod_admin	v,u,d,c	1
612	object	localgroup	rod_user	v,u,d	1
612	object	localgroup	rod_admin	v,u,d,c	1
613	object	localgroup	rod_user	v,u,d	1
613	object	localgroup	rod_admin	v,u,d,c	1
614	object	localgroup	rod_user	v,u,d	1
614	object	localgroup	rod_admin	v,u,d,c	1
615	object	localgroup	rod_user	v,u,d	1
615	object	localgroup	rod_admin	v,u,d,c	1
616	object	localgroup	rod_user	v,u,d	1
616	object	localgroup	rod_admin	v,u,d,c	1
617	object	localgroup	rod_user	v,u,d	1
617	object	localgroup	rod_admin	v,u,d,c	1
618	object	localgroup	rod_user	v,u,d	1
618	object	localgroup	rod_admin	v,u,d,c	1
619	object	localgroup	rod_user	v,u,d	1
619	object	localgroup	rod_admin	v,u,d,c	1
620	object	localgroup	rod_user	v,u,d	1
620	object	localgroup	rod_admin	v,u,d,c	1
621	object	localgroup	rod_user	v,u,d	1
621	object	localgroup	rod_admin	v,u,d,c	1
622	object	localgroup	rod_user	v,u,d	1
622	object	localgroup	rod_admin	v,u,d,c	1
623	object	localgroup	rod_user	v,u,d	1
623	object	localgroup	rod_admin	v,u,d,c	1
624	object	localgroup	rod_user	v,u,d	1
624	object	localgroup	rod_admin	v,u,d,c	1
625	object	localgroup	rod_user	v,u,d	1
625	object	localgroup	rod_admin	v,u,d,c	1
626	object	localgroup	rod_user	v,u,d	1
626	object	localgroup	rod_admin	v,u,d,c	1
627	object	localgroup	rod_user	v,u,d	1
627	object	localgroup	rod_admin	v,u,d,c	1
628	object	localgroup	rod_user	v,u,d	1
628	object	localgroup	rod_admin	v,u,d,c	1
629	object	localgroup	rod_user	v,u,d	1
629	object	localgroup	rod_admin	v,u,d,c	1
630	object	localgroup	rod_user	v,u,d	1
630	object	localgroup	rod_admin	v,u,d,c	1
633	object	localgroup	rod_user	v,u,d	1
633	object	localgroup	rod_admin	v,u,d,c	1
634	object	localgroup	rod_user	v,u,d	1
634	object	localgroup	rod_admin	v,u,d,c	1
640	object	localgroup	rod_user	v,u,d	1
640	object	localgroup	rod_admin	v,u,d,c	1
639	object	localgroup	rod_user	v,u,d	1
639	object	localgroup	rod_admin	v,u,d,c	1
637	object	localgroup	rod_user	v,u,d	1
637	object	localgroup	rod_admin	v,u,d,c	1
638	object	localgroup	rod_user	v,u,d	1
638	object	localgroup	rod_admin	v,u,d,c	1
641	object	localgroup	rod_user	v,u,d	1
641	object	localgroup	rod_admin	v,u,d,c	1
662	object	localgroup	rod_user	v,u,d	1
662	object	localgroup	rod_admin	v,u,d,c	1
663	object	localgroup	rod_user	v,u,d	1
663	object	localgroup	rod_admin	v,u,d,c	1
664	object	localgroup	rod_user	v,u,d	1
664	object	localgroup	rod_admin	v,u,d,c	1
665	object	localgroup	rod_user	v,u,d	1
665	object	localgroup	rod_admin	v,u,d,c	1
666	object	localgroup	rod_user	v,u,d	1
666	object	localgroup	rod_admin	v,u,d,c	1
667	object	localgroup	rod_user	v,u,d	1
667	object	localgroup	rod_admin	v,u,d,c	1
668	object	localgroup	rod_user	v,u,d	1
668	object	localgroup	rod_admin	v,u,d,c	1
772	object	localgroup	rod_user	v,u,d	1
772	object	localgroup	rod_admin	v,u,d,c	1
828	object	localgroup	rod_user	v,u,d	1
828	object	localgroup	rod_admin	v,u,d,c	1
827	object	localgroup	rod_user	v,u,d	1
827	object	localgroup	rod_admin	v,u,d,c	1
826	object	localgroup	rod_user	v,u,d	1
826	object	localgroup	rod_admin	v,u,d,c	1
825	object	localgroup	rod_user	v,u,d	1
825	object	localgroup	rod_admin	v,u,d,c	1
824	object	localgroup	rod_user	v,u,d	1
824	object	localgroup	rod_admin	v,u,d,c	1
675	object	localgroup	rod_user	v,u,d	1
675	object	localgroup	rod_admin	v,u,d,c	1
676	object	localgroup	rod_user	v,u,d	1
676	object	localgroup	rod_admin	v,u,d,c	1
688	object	localgroup	rod_user	v,u,d	1
688	object	localgroup	rod_admin	v,u,d,c	1
678	object	localgroup	rod_user	v,u,d	1
678	object	localgroup	rod_admin	v,u,d,c	1
679	object	localgroup	rod_user	v,u,d	1
679	object	localgroup	rod_admin	v,u,d,c	1
680	object	localgroup	rod_user	v,u,d	1
680	object	localgroup	rod_admin	v,u,d,c	1
681	object	localgroup	rod_user	v,u,d	1
681	object	localgroup	rod_admin	v,u,d,c	1
682	object	localgroup	rod_user	v,u,d	1
682	object	localgroup	rod_admin	v,u,d,c	1
683	object	localgroup	rod_user	v,u,d	1
683	object	localgroup	rod_admin	v,u,d,c	1
684	object	localgroup	rod_user	v,u,d	1
684	object	localgroup	rod_admin	v,u,d,c	1
686	object	localgroup	rod_user	v,u,d	1
686	object	localgroup	rod_admin	v,u,d,c	1
689	object	localgroup	rod_user	v,u,d	1
689	object	localgroup	rod_admin	v,u,d,c	1
690	object	localgroup	rod_user	v,u,d	1
690	object	localgroup	rod_admin	v,u,d,c	1
691	object	localgroup	rod_user	v,u,d	1
691	object	localgroup	rod_admin	v,u,d,c	1
692	object	localgroup	rod_user	v,u,d	1
692	object	localgroup	rod_admin	v,u,d,c	1
693	object	localgroup	rod_user	v,u,d	1
693	object	localgroup	rod_admin	v,u,d,c	1
694	object	localgroup	rod_user	v,u,d	1
694	object	localgroup	rod_admin	v,u,d,c	1
695	object	localgroup	rod_user	v,u,d	1
695	object	localgroup	rod_admin	v,u,d,c	1
696	object	localgroup	rod_user	v,u,d	1
696	object	localgroup	rod_admin	v,u,d,c	1
697	object	localgroup	rod_user	v,u,d	1
697	object	localgroup	rod_admin	v,u,d,c	1
698	object	localgroup	rod_user	v,u,d	1
698	object	localgroup	rod_admin	v,u,d,c	1
699	object	localgroup	rod_user	v,u,d	1
699	object	localgroup	rod_admin	v,u,d,c	1
700	object	localgroup	rod_user	v,u,d	1
700	object	localgroup	rod_admin	v,u,d,c	1
701	object	localgroup	rod_user	v,u,d	1
701	object	localgroup	rod_admin	v,u,d,c	1
702	object	localgroup	rod_user	v,u,d	1
702	object	localgroup	rod_admin	v,u,d,c	1
703	object	localgroup	rod_user	v,u,d	1
703	object	localgroup	rod_admin	v,u,d,c	1
704	object	localgroup	rod_user	v,u,d	1
704	object	localgroup	rod_admin	v,u,d,c	1
766	object	localgroup	rod_user	v,u,d	1
766	object	localgroup	rod_admin	v,u,d,c	1
708	object	localgroup	rod_user	v,u,d	1
708	object	localgroup	rod_admin	v,u,d,c	1
707	object	localgroup	rod_user	v,u,d	1
707	object	localgroup	rod_admin	v,u,d,c	1
709	object	localgroup	rod_user	v,u,d	1
709	object	localgroup	rod_admin	v,u,d,c	1
710	object	localgroup	rod_user	v,u,d	1
710	object	localgroup	rod_admin	v,u,d,c	1
712	object	localgroup	rod_user	v,u,d	1
712	object	localgroup	rod_admin	v,u,d,c	1
718	object	localgroup	rod_user	v,u,d	1
718	object	localgroup	rod_admin	v,u,d,c	1
719	object	localgroup	rod_user	v,u,d	1
719	object	localgroup	rod_admin	v,u,d,c	1
720	object	localgroup	rod_user	v,u,d	1
720	object	localgroup	rod_admin	v,u,d,c	1
721	object	localgroup	rod_user	v,u,d	1
721	object	localgroup	rod_admin	v,u,d,c	1
722	object	localgroup	rod_user	v,u,d	1
722	object	localgroup	rod_admin	v,u,d,c	1
723	object	localgroup	rod_user	v,u,d	1
723	object	localgroup	rod_admin	v,u,d,c	1
724	object	localgroup	rod_user	v,u,d	1
724	object	localgroup	rod_admin	v,u,d,c	1
725	object	localgroup	rod_user	v,u,d	1
725	object	localgroup	rod_admin	v,u,d,c	1
726	object	localgroup	rod_user	v,u,d	1
726	object	localgroup	rod_admin	v,u,d,c	1
727	object	localgroup	rod_user	v,u,d	1
727	object	localgroup	rod_admin	v,u,d,c	1
728	object	localgroup	rod_user	v,u,d	1
728	object	localgroup	rod_admin	v,u,d,c	1
729	object	localgroup	rod_user	v,u,d	1
729	object	localgroup	rod_admin	v,u,d,c	1
730	object	localgroup	rod_user	v,u,d	1
730	object	localgroup	rod_admin	v,u,d,c	1
731	object	localgroup	rod_user	v,u,d	1
731	object	localgroup	rod_admin	v,u,d,c	1
733	object	localgroup	rod_user	v,u,d	1
733	object	localgroup	rod_admin	v,u,d,c	1
736	object	localgroup	rod_user	v,u,d	1
736	object	localgroup	rod_admin	v,u,d,c	1
737	object	localgroup	rod_user	v,u,d	1
737	object	localgroup	rod_admin	v,u,d,c	1
738	object	localgroup	rod_user	v,u,d	1
738	object	localgroup	rod_admin	v,u,d,c	1
739	object	localgroup	rod_user	v,u,d	1
739	object	localgroup	rod_admin	v,u,d,c	1
740	object	localgroup	rod_user	v,u,d	1
740	object	localgroup	rod_admin	v,u,d,c	1
742	object	localgroup	rod_user	v,u,d	1
742	object	localgroup	rod_admin	v,u,d,c	1
745	object	localgroup	rod_user	v,u,d	1
745	object	localgroup	rod_admin	v,u,d,c	1
746	object	localgroup	rod_user	v,u,d	1
746	object	localgroup	rod_admin	v,u,d,c	1
750	object	localgroup	rod_user	v,u,d	1
750	object	localgroup	rod_admin	v,u,d,c	1
748	object	localgroup	rod_user	v,u,d	1
748	object	localgroup	rod_admin	v,u,d,c	1
749	object	localgroup	rod_user	v,u,d	1
749	object	localgroup	rod_admin	v,u,d,c	1
751	object	localgroup	rod_user	v,u,d	1
751	object	localgroup	rod_admin	v,u,d,c	1
752	object	localgroup	rod_user	v,u,d	1
752	object	localgroup	rod_admin	v,u,d,c	1
753	object	localgroup	rod_user	v,u,d	1
753	object	localgroup	rod_admin	v,u,d,c	1
754	object	localgroup	rod_user	v,u,d	1
754	object	localgroup	rod_admin	v,u,d,c	1
755	object	localgroup	rod_user	v,u,d	1
755	object	localgroup	rod_admin	v,u,d,c	1
756	object	localgroup	rod_user	v,u,d	1
756	object	localgroup	rod_admin	v,u,d,c	1
757	object	localgroup	rod_user	v,u,d	1
757	object	localgroup	rod_admin	v,u,d,c	1
758	object	localgroup	rod_user	v,u,d	1
758	object	localgroup	rod_admin	v,u,d,c	1
762	object	localgroup	rod_user	v,u,d	1
762	object	localgroup	rod_admin	v,u,d,c	1
760	object	localgroup	rod_user	v,u,d	1
760	object	localgroup	rod_admin	v,u,d,c	1
761	object	localgroup	rod_user	v,u,d	1
761	object	localgroup	rod_admin	v,u,d,c	1
763	object	localgroup	rod_user	v,u,d	1
763	object	localgroup	rod_admin	v,u,d,c	1
764	object	localgroup	rod_user	v,u,d	1
764	object	localgroup	rod_admin	v,u,d,c	1
765	object	localgroup	rod_user	v,u,d	1
765	object	localgroup	rod_admin	v,u,d,c	1
767	object	localgroup	rod_user	v,u,d	1
767	object	localgroup	rod_admin	v,u,d,c	1
768	object	localgroup	rod_user	v,u,d	1
768	object	localgroup	rod_admin	v,u,d,c	1
769	object	localgroup	rod_user	v,u,d	1
769	object	localgroup	rod_admin	v,u,d,c	1
770	object	localgroup	rod_user	v,u,d	1
770	object	localgroup	rod_admin	v,u,d,c	1
771	object	localgroup	rod_user	v,u,d	1
771	object	localgroup	rod_admin	v,u,d,c	1
773	object	localgroup	rod_user	v,u,d	1
773	object	localgroup	rod_admin	v,u,d,c	1
774	object	localgroup	rod_user	v,u,d	1
774	object	localgroup	rod_admin	v,u,d,c	1
775	object	localgroup	rod_user	v,u,d	1
775	object	localgroup	rod_admin	v,u,d,c	1
776	object	localgroup	rod_user	v,u,d	1
776	object	localgroup	rod_admin	v,u,d,c	1
777	object	localgroup	rod_user	v,u,d	1
777	object	localgroup	rod_admin	v,u,d,c	1
778	object	localgroup	rod_user	v,u,d	1
778	object	localgroup	rod_admin	v,u,d,c	1
779	object	localgroup	rod_user	v,u,d	1
779	object	localgroup	rod_admin	v,u,d,c	1
780	object	localgroup	rod_user	v,u,d	1
780	object	localgroup	rod_admin	v,u,d,c	1
781	object	localgroup	rod_user	v,u,d	1
781	object	localgroup	rod_admin	v,u,d,c	1
782	object	localgroup	rod_user	v,u,d	1
782	object	localgroup	rod_admin	v,u,d,c	1
783	object	localgroup	rod_user	v,u,d	1
783	object	localgroup	rod_admin	v,u,d,c	1
784	object	localgroup	rod_user	v,u,d	1
784	object	localgroup	rod_admin	v,u,d,c	1
785	object	localgroup	rod_user	v,u,d	1
785	object	localgroup	rod_admin	v,u,d,c	1
786	object	localgroup	rod_user	v,u,d	1
786	object	localgroup	rod_admin	v,u,d,c	1
787	object	localgroup	rod_user	v,u,d	1
787	object	localgroup	rod_admin	v,u,d,c	1
788	object	localgroup	rod_user	v,u,d	1
788	object	localgroup	rod_admin	v,u,d,c	1
789	object	localgroup	rod_user	v,u,d	1
789	object	localgroup	rod_admin	v,u,d,c	1
790	object	localgroup	rod_user	v,u,d	1
790	object	localgroup	rod_admin	v,u,d,c	1
791	object	localgroup	rod_user	v,u,d	1
791	object	localgroup	rod_admin	v,u,d,c	1
792	object	localgroup	rod_user	v,u,d	1
792	object	localgroup	rod_admin	v,u,d,c	1
793	object	localgroup	rod_user	v,u,d	1
793	object	localgroup	rod_admin	v,u,d,c	1
794	object	localgroup	rod_user	v,u,d	1
794	object	localgroup	rod_admin	v,u,d,c	1
795	object	localgroup	rod_user	v,u,d	1
795	object	localgroup	rod_admin	v,u,d,c	1
796	object	localgroup	rod_user	v,u,d	1
796	object	localgroup	rod_admin	v,u,d,c	1
797	object	localgroup	rod_user	v,u,d	1
797	object	localgroup	rod_admin	v,u,d,c	1
798	object	localgroup	rod_user	v,u,d	1
798	object	localgroup	rod_admin	v,u,d,c	1
799	object	localgroup	rod_user	v,u,d	1
799	object	localgroup	rod_admin	v,u,d,c	1
800	object	localgroup	rod_user	v,u,d	1
800	object	localgroup	rod_admin	v,u,d,c	1
801	object	localgroup	rod_user	v,u,d	1
801	object	localgroup	rod_admin	v,u,d,c	1
802	object	localgroup	rod_user	v,u,d	1
802	object	localgroup	rod_admin	v,u,d,c	1
803	object	localgroup	rod_user	v,u,d	1
803	object	localgroup	rod_admin	v,u,d,c	1
804	object	localgroup	rod_user	v,u,d	1
804	object	localgroup	rod_admin	v,u,d,c	1
805	object	localgroup	rod_user	v,u,d	1
805	object	localgroup	rod_admin	v,u,d,c	1
806	object	localgroup	rod_user	v,u,d	1
806	object	localgroup	rod_admin	v,u,d,c	1
807	object	localgroup	rod_user	v,u,d	1
807	object	localgroup	rod_admin	v,u,d,c	1
808	object	localgroup	rod_user	v,u,d	1
808	object	localgroup	rod_admin	v,u,d,c	1
809	object	localgroup	rod_user	v,u,d	1
809	object	localgroup	rod_admin	v,u,d,c	1
810	object	localgroup	rod_user	v,u,d	1
810	object	localgroup	rod_admin	v,u,d,c	1
811	object	localgroup	rod_user	v,u,d	1
811	object	localgroup	rod_admin	v,u,d,c	1
812	object	localgroup	rod_user	v,u,d	1
812	object	localgroup	rod_admin	v,u,d,c	1
813	object	localgroup	rod_user	v,u,d	1
813	object	localgroup	rod_admin	v,u,d,c	1
814	object	localgroup	rod_user	v,u,d	1
814	object	localgroup	rod_admin	v,u,d,c	1
815	object	localgroup	rod_user	v,u,d	1
815	object	localgroup	rod_admin	v,u,d,c	1
816	object	localgroup	rod_user	v,u,d	1
816	object	localgroup	rod_admin	v,u,d,c	1
817	object	localgroup	rod_user	v,u,d	1
817	object	localgroup	rod_admin	v,u,d,c	1
818	object	localgroup	rod_user	v,u,d	1
818	object	localgroup	rod_admin	v,u,d,c	1
819	object	localgroup	rod_user	v,u,d	1
819	object	localgroup	rod_admin	v,u,d,c	1
820	object	localgroup	rod_user	v,u,d	1
820	object	localgroup	rod_admin	v,u,d,c	1
821	object	localgroup	rod_user	v,u,d	1
821	object	localgroup	rod_admin	v,u,d,c	1
822	object	localgroup	rod_user	v,u,d	1
822	object	localgroup	rod_admin	v,u,d,c	1
823	object	localgroup	rod_user	v,u,d	1
823	object	localgroup	rod_admin	v,u,d,c	1
829	object	localgroup	rod_user	v,u,d	1
829	object	localgroup	rod_admin	v,u,d,c	1
830	object	localgroup	rod_user	v,u,d	1
830	object	localgroup	rod_admin	v,u,d,c	1
831	object	localgroup	rod_user	v,u,d	1
831	object	localgroup	rod_admin	v,u,d,c	1
832	object	localgroup	rod_user	v,u,d	1
832	object	localgroup	rod_admin	v,u,d,c	1
833	object	localgroup	rod_user	v,u,d	1
833	object	localgroup	rod_admin	v,u,d,c	1
